cycle,capacity,avg_voltage,min_voltage,avg_current,avg_temp,duration,SOH,RUL,cell
0,739.1109210621779,3.7350762212583146,2.6998193,-17707.39990251029,40.41933992433481,0.041739932261407375,1.0,5800,oxford_Cell1
100,730.1929494056872,3.7356805096774193,2.6998594,-17703.787454763504,40.32711510434782,0.04124472278635949,0.9879341903869114,5700,oxford_Cell1
200,725.7467375962049,3.7364243172121894,2.7000198,-17702.310945588633,40.327297584650104,0.04099699924699962,0.9819185685326265,5600,oxford_Cell1
300,722.8431973239306,3.736473817903683,2.6999636,-17701.83833958164,40.32204489546742,0.04083407134748995,0.9779901456267633,5500,oxford_Cell1
400,718.3668958430143,3.7376955802965495,2.7001641,-17703.483048883503,40.314725823210715,0.04057742725126445,0.971933813142211,5400,oxford_Cell1
500,714.9787006955092,3.7380264149813804,2.6998432,-17701.65968580603,40.334303672300194,0.04039020149502903,0.9673496633874815,5300,oxford_Cell1
600,711.6204053941345,3.738322718618705,2.6999636,-17698.710759882822,40.30517850503597,0.04020718554966152,0.9628059674337693,5200,oxford_Cell1
700,709.5321170323996,3.738288945151954,2.7002044,-17750.52861767164,40.36040864196815,0.03997216385323554,0.9599805615275302,5100,oxford_Cell1
800,705.8480111354505,3.7388838780622637,2.7002444,-17750.78813418994,40.378438329938895,0.03976403234992176,0.9549960513654362,5000,oxford_Cell1
900,702.5449768529222,3.7392403858520904,2.700084,-17750.03545428894,40.38455092692195,0.0395796331577003,0.9505271222934892,4900,oxford_Cell1
1000,699.4156477527364,3.7395246271285965,2.6999238,-17748.8848500113,40.36335875513799,0.03940588817931712,0.9462932123200191,4800,oxford_Cell1
1100,696.2835912151658,3.739851762518431,2.6998034,-17748.816490670724,40.43320337776467,0.03922957484610379,0.9420556121867812,4700,oxford_Cell1
1200,693.2672854322545,3.7402309427428913,2.6999238,-17748.52587539771,40.393250269845964,0.03906027018092573,0.9379746201503268,4600,oxford_Cell1
1300,690.3687943593548,3.7403440400654375,2.7000439,-17748.75096330312,40.39081635336109,0.03889646811876446,0.9340530286945622,4500,oxford_Cell1
1400,687.6192406848993,3.7404744912809793,2.6999638,-17748.522187406834,40.383829926246634,0.03874205215834081,0.9303329460978877,4400,oxford_Cell1
1600,681.8263154580586,3.7412893832530125,2.700078,-17750.319036776244,0.5208844480873495,0.03841177269350737,0.92249525210398,4200,oxford_Cell1
1800,675.8871270316637,3.7415144606502584,2.6999977,-17751.320934271902,40.42639107323001,0.03807502728886902,0.9144596673802964,4000,oxford_Cell1
1900,672.743285643124,3.741878111050061,2.7002168,-17749.29338555996,40.36162140628815,0.037902251933701336,0.910206122615971,3900,oxford_Cell1
2000,669.7317983178508,3.74182866385653,2.7001567,-17748.25694322617,40.2979442066217,0.03773478663060814,0.9061316498413767,3800,oxford_Cell1
2100,667.4184829442038,3.742031670153846,2.7000365,-17749.65898665496,40.36416039661538,0.037601477233693004,0.9030017875869771,3700,oxford_Cell1
2200,663.9526202195469,3.742237545485467,2.700186,-17748.761810179174,40.378259337662335,0.037408103700727224,0.8983125553947697,3600,oxford_Cell1
2300,661.4396086354981,3.742374365259236,2.700146,-17749.97656587327,40.42450364638311,0.037263966049067676,0.8949125087814178,3500,oxford_Cell1
2400,658.2324497447104,3.742677382189645,2.6999531,-17748.996170214607,40.45575250062383,0.03708532825112343,0.8905732968994196,3400,oxford_Cell1
2500,656.3019662937012,3.742594369680851,2.7001135,-17750.253708692537,40.48525785951189,0.036973943235352635,0.8879613973915149,3300,oxford_Cell1
2600,652.7810452742547,3.7433234485372755,2.7001178,-17749.634185167855,40.51860900062913,0.03677686757873744,0.8831976725985075,3200,oxford_Cell1
2700,651.274269703515,3.7426688089848676,2.6999974,-17749.84789336345,40.477341894073135,0.03669153619557619,0.8811590400633876,3100,oxford_Cell1
2800,648.8501025188361,3.7428102753481007,2.6998773,-17749.936495768936,40.51885063259493,0.03655477880965918,0.877879197869749,3000,oxford_Cell1
2900,645.0218397585212,3.743819211461318,2.6999574,-17748.878400502024,40.43651746259153,0.036341268103569746,0.872699646802078,2900,oxford_Cell1
3000,644.1689847636143,3.7435152985655082,2.6999574,-17750.394278276843,40.57025249569653,0.03629011765588075,0.871545753698075,2800,oxford_Cell1
3100,642.0891597582703,3.74304625001599,2.6999574,-17749.266764152413,40.50840361752478,0.03617524460423738,0.8687317985174979,2700,oxford_Cell1
3200,638.7729233128966,3.743688392928319,2.6999974,-17749.171683441396,40.50111671777564,0.03598859906196594,0.86424500722424,2600,oxford_Cell1
3300,637.8192441609972,3.743018325434643,2.7000377,-17748.25757619547,40.464052947520926,0.03593671997077763,0.8629547013652372,2500,oxford_Cell1
3500,632.2030179733683,3.745066382884053,2.7001004,-17746.573446057988,40.24412404839234,0.03562366159167141,0.8553560770889814,2300,oxford_Cell1
3600,631.7444982024535,3.7448143585310367,2.7000604,-17747.174928408058,40.3355198316542,0.035596618545241654,0.854735710432437,2200,oxford_Cell1
3700,629.5202834064332,3.7450797408349636,2.7001407,-17747.213707198775,40.501468861382904,0.035471213166601956,0.8517263992010133,2100,oxford_Cell1
3800,625.4908168324312,3.7467241263296125,2.7000203,-17748.017394659746,40.436845348653975,0.035242569050751626,0.8462746240219763,2000,oxford_Cell1
3900,625.2583088284471,3.7456788158292276,2.7000203,-17748.088584975587,40.45294666469622,0.03522932738997042,0.845960046064381,1900,oxford_Cell1
4000,623.5531647570597,3.745202498946328,2.6998999,-17748.794725677166,40.50196408396444,0.0351318548200652,0.8436530255309312,1800,oxford_Cell1
4100,620.4774481988763,3.7457507333884847,2.6999803,-17748.872512707876,40.480764504632695,0.034958409261889756,0.8394916520881424,1700,oxford_Cell1
4200,619.5186640586243,3.7449785352336753,2.6998746,-17747.418720115875,40.49315957772621,0.034907249617390335,0.8381944392978427,1600,oxford_Cell1
4300,617.6078318476868,3.7442331386635637,2.699995,-17748.12290698568,40.46304824501329,0.03479820059146732,0.8356091274637388,1500,oxford_Cell1
4400,615.7261856172588,3.743838164254752,2.7001956,-17748.165342655866,40.46354685228409,0.034692098503001034,0.8330633035869601,1400,oxford_Cell1
4500,612.7444427379218,3.744812294436997,2.7001154,-17748.296625264546,40.44848086729222,0.03452383982948959,0.8290290743605105,1300,oxford_Cell1
4600,612.349611637397,3.743229158699296,2.7001956,-17747.413955262873,40.41249004391552,0.03450330963823944,0.8284948770035598,1200,oxford_Cell1
4800,608.8768448422716,3.7430926746797035,2.7000346,-17747.66436295917,40.44707384592043,0.03430714807473123,0.8237963037635181,1000,oxford_Cell1
5000,604.2869401481527,3.7426474184782608,2.6999638,-17745.74251647037,40.39047319327445,0.03405221493449062,0.8175862687561571,800,oxford_Cell1
5100,603.2069763171048,3.7424525989448605,2.6998434,-17746.57382331902,40.39145060585432,0.03398976637981832,0.81612510264391,700,oxford_Cell1
5200,599.8239008415256,3.7461686148186173,2.7001359,-17744.747399027503,40.684576422313484,0.033802613033913076,0.8115478796870129,600,oxford_Cell1
5300,599.8621534882067,3.7438703691991786,2.7002161,-17746.068272441084,40.6943075797399,0.0338022526120767,0.8115996346341946,500,oxford_Cell1
5400,598.158701601549,3.743461799588195,2.7000957,-17745.169115588233,40.690422556280026,0.033707970287650824,0.8092949035875885,400,oxford_Cell1
5500,594.2801484523485,3.745942169810017,2.6999755,-17746.477007613717,40.75604489671848,0.03348693251609802,0.8040473107856494,300,oxford_Cell1
5600,594.4675726175096,3.7433909733080113,2.7000556,-17745.805050880335,40.74882361740332,0.03349876229185611,0.8043008913509206,200,oxford_Cell1
5700,592.857351306983,3.7431510420013856,2.7000155,-17745.782705836107,40.76850227977839,0.033408065675757825,0.8021222991198484,100,oxford_Cell1
5800,590.4253670448167,3.7434535819541033,2.6997349,-17746.606254019352,40.78144194193324,0.03326947637833655,0.7988318806009727,0,oxford_Cell1
5900,589.4471143131173,3.7428177745733198,2.699775,-17745.594640864038,40.746279282828276,0.03321624640375376,0.7975083272562412,0,oxford_Cell1
6000,588.1173065952115,3.7424068148691094,2.6998951,-17745.58337620975,40.766930744502616,0.033141329884529114,0.7957091281373936,0,oxford_Cell1
6100,585.5603691386312,3.7438984266736774,2.7000136,-17744.514105694343,40.803082363477046,0.032999228802509606,0.7922496508333569,0,oxford_Cell1
6200,585.7463794615072,3.742171771784087,2.7002141,-17745.231004183497,40.79044699754644,0.033008378581143916,0.7925013185026814,0,oxford_Cell1
6300,584.1518310216064,3.7415346047435,2.6997731,-17744.62874625419,40.772532254040755,0.03291963809169829,0.7903439313034647,0,oxford_Cell1
6400,581.2757619596863,3.7445003663723067,2.6997731,-17746.403047513824,40.8321776354645,0.032754282001405954,0.7864526763105241,0,oxford_Cell1
6500,581.6547783101196,3.7414235827099507,2.6998935,-17744.726584047727,40.822366022230064,0.03277873538900167,0.7869654766759802,0,oxford_Cell1
6600,580.0334389678039,3.741068585527246,2.6998532,-17744.31344537879,40.82652652476999,0.032688126782886684,0.7847718420047651,0,oxford_Cell1
6700,577.6338801898363,3.747703740227434,2.699935,-17743.543440863326,40.74415458386638,0.03255430981516838,0.7815252944168616,0,oxford_Cell1
6800,577.5893924134589,3.743337786389481,2.7000153,-17743.939182441765,40.76943933866382,0.03255107603035867,0.7814651034832552,0,oxford_Cell1
6900,576.416770813853,3.742773966631054,2.7001758,-17744.02893887138,40.80879391239316,0.032484826166182756,0.7798785735508862,0,oxford_Cell1
7000,573.0979789577467,3.7465424418338107,2.7000954,-17743.92229559517,40.749389394699136,0.032297983416356146,0.7753883248459464,0,oxford_Cell1
7100,573.0979789577467,3.7465424418338107,2.7000954,-17743.92229559517,40.749389394699136,0.032297983416356146,0.7753883248459464,0,oxford_Cell1
7200,574.9714659926825,3.7428722781506605,2.6998549,-17743.768354894626,40.78109647161728,0.032403849181719124,0.7779231095197319,0,oxford_Cell1
7300,572.0375640082297,3.7411146043415857,2.7001355,-17744.34368722856,40.80472365590241,0.032237455947324634,0.773953607918759,0,oxford_Cell1
7400,570.436583787218,3.740624219647355,2.7001355,-17743.728450252664,40.8119091813602,0.0321483452571556,0.7717875186682972,0,oxford_Cell1
7500,568.267859513994,3.741631014631503,2.699832,-17744.316096656003,40.80552061054913,0.03202505980152637,0.7688532848321806,0,oxford_Cell1
7600,567.7929103307428,3.739830421113521,2.7001929,-17744.0703680842,40.78884041178597,0.03199873643461615,0.7682106895603251,0,oxford_Cell1
7700,566.7532309264086,3.739349720608475,2.6997919,-17744.260723905023,40.79084076530243,0.03193980152718723,0.7668040273467023,0,oxford_Cell1
7800,564.2265724626601,3.740730690942161,2.7000725,-17745.09630952336,40.765426004728994,0.03179591160733253,0.7633855168204102,0,oxford_Cell1
7900,564.3176975749817,3.738615056202255,2.6999924,-17744.076910958902,40.770597697708254,0.03180287324357778,0.763508806992054,0,oxford_Cell1
8000,563.0464545433011,3.738134389609917,2.7000725,-17743.47873522962,40.75151154903391,0.03173229959793389,0.7617888445406081,0,oxford_Cell1
8100,560.0135969052836,3.7413366590542525,2.7001529,-17745.189904089224,40.80903719281524,0.03155832830816507,0.757685458226604,0,oxford_Cell1
8200,560.6495828680589,3.7374783565885794,2.6999924,-17743.136143227686,40.72716385102489,0.03159782488364726,0.75854593254061,0,oxford_Cell1
0,734.8189656975843,3.734724948686417,2.699652,-17750.042465288985,40.499935564561206,0.04139786527957767,1.0,5000,oxford_Cell2
100,726.6220579061855,3.7363482116699633,2.6999323,-17748.434076158417,40.42164442102288,0.04093977645970881,0.9888449969665424,4900,oxford_Cell2
200,722.1571400208163,3.737390495166335,2.6999323,-17747.3861201081,40.414787726471424,0.04069061542395502,0.9827687821520125,4800,oxford_Cell2
300,719.2156200035366,3.737397836682843,2.7001479,-17748.742421829713,40.426595697402234,0.04052177490666509,0.9787657281283765,4700,oxford_Cell2
400,714.5823074647996,3.73865225612069,2.7000675,-17747.718298545282,40.40777006666667,0.040263045695610344,0.9724603484974377,4600,oxford_Cell2
500,711.1216758331502,3.7389033426097,2.7000275,-17746.444179848622,40.408104486431874,0.0400709310779348,0.9677508461666642,4500,oxford_Cell2
600,708.0616104027846,3.7391747736445344,2.7001479,-17745.9872436945,40.3824394647724,0.0398995284922421,0.9635864661312896,4400,oxford_Cell2
700,705.4509534216545,3.739185263133372,2.6998377,-17758.268900229417,40.42205248485731,0.03972492308821529,0.9600336768008567,4300,oxford_Cell2
800,701.9102314870742,3.7397095282704123,2.7002387,-17757.694032090778,40.41304891776412,0.03952681750524789,0.9552151812259377,4200,oxford_Cell2
900,699.2549903478053,3.7399610715334903,2.6999981,-17757.330311469468,40.406623299353704,0.03937809867784381,0.9516017182327118,4100,oxford_Cell2
1000,696.6637550136685,3.7403109151577705,2.6999981,-17756.952537473728,40.38615575287526,0.039233008748851717,0.9480753594217672,4000,oxford_Cell2
1100,693.9847933360154,3.740614720870338,2.699918,-17756.53816371775,40.43923640941385,0.03908305277582258,0.9444296156362759,3900,oxford_Cell2
1200,691.2011130181581,3.7407198246656757,2.6999981,-17756.03887740206,40.42117673521545,0.03892737801652402,0.9406413624095582,3800,oxford_Cell2
1300,688.2824454375678,3.740737267830498,2.7000782,-17755.829909287648,40.417546981498056,0.03876346000470221,0.9366694077964659,3700,oxford_Cell2
1400,685.4468687684393,3.740922772370393,2.7001183,-17755.597398728405,40.411980738088104,0.038604265660978854,0.9328105298938839,3600,oxford_Cell2
1600,679.5110214082981,3.740926314752116,2.6999547,-17758.06676999406,40.493198905985494,0.03826463606674224,0.9247325574445663,3400,oxford_Cell2
1800,674.0054456104837,3.741050950289546,2.6999147,-17757.712575638943,40.4795377683633,0.03795535839162767,0.9172401327048375,3200,oxford_Cell2
1900,670.6497832609933,3.7410919916079637,2.7001791,-17757.689830725165,40.4279020762634,0.037766432389616966,0.9126734809087659,3100,oxford_Cell2
2000,667.3525808571167,3.7412424195136964,2.6998632,-17757.478704043693,40.38802808402585,0.03758121945429593,0.9081863860489503,3000,oxford_Cell2
2100,665.2355876842753,3.7416881036751075,2.7001038,-17756.790517971116,40.44058446602841,0.03746344265528023,0.905305413630347,2900,oxford_Cell2
2200,661.5433404840155,3.74182640704969,2.7000377,-17757.30003730082,40.44185112701863,0.03725443931762129,0.9002807104413723,2800,oxford_Cell2
2300,659.7519802009176,3.7417249648194275,2.7000377,-17756.929138929543,40.48383985367372,0.0371543342480436,0.89784288511742,2700,oxford_Cell2
2400,656.2873914063993,3.7421034434428795,2.7001731,-17757.409900982057,40.498462128638494,0.036958221811801195,0.8931279975651788,2600,oxford_Cell2
2500,654.6501051945633,3.7420992084405396,2.6999326,-17756.806384760184,40.52083827016003,0.03686727210879326,0.890899848472318,2500,oxford_Cell2
2600,650.3893528573778,3.7423109418825016,2.7001457,-17757.6092413066,40.538349725837016,0.036625666194595397,0.8851014783484051,2400,oxford_Cell2
2700,649.6653133077699,3.741924070218147,2.7000253,-17756.90852414584,40.520316920328796,0.036586337140761316,0.8841161478338061,2300,oxford_Cell2
2800,647.1329168947415,3.7421319950158725,2.7000253,-17756.8107435004,40.532147353968256,0.036443922435864806,0.8806698616990649,2200,oxford_Cell2
2900,642.1348249865453,3.742777786756238,2.7000654,-17756.68506173136,40.476797472488805,0.036162703298032284,0.8738680613352823,2100,oxford_Cell2
3000,641.7052831471693,3.7428340084507044,2.6998651,-17756.897383784013,40.56020144590269,0.03613808087538928,0.8732835066906316,2000,oxford_Cell2
3100,638.9952205493706,3.742496210318226,2.7001057,-17756.679589955667,40.52496510928962,0.03598590230103582,0.869595438303303,1900,oxford_Cell2
3200,634.9703545346578,3.743120599061793,2.7000253,-17756.812362883757,40.516193736007764,0.03575896716210991,0.8641180810185847,1800,oxford_Cell2
3300,634.2086228227167,3.7428765277939746,2.7000253,-17756.31602849641,40.502423436345964,0.03571706754155457,0.8630814560163735,1700,oxford_Cell2
3500,627.7048777025079,3.744556815445026,2.6999314,-17756.645524647585,40.33287734882199,0.03535013378132135,0.8542306431987776,1500,oxford_Cell2
3600,628.1200744890406,3.7447224493132762,2.7000515,-17755.904817319686,40.398446917266185,0.035374991479329765,0.8547956759563882,1400,oxford_Cell2
3700,626.1354826394687,3.7450205639763783,2.6996908,-17756.000648430836,40.55692658234908,0.035263030673377216,0.8520948857723898,1300,oxford_Cell2
3800,621.1583132684733,3.7462032114417996,2.6999314,-17756.539931171097,40.464756234457674,0.034981659264303744,0.8453215584586746,1200,oxford_Cell2
3900,621.4628930235764,3.745827006876033,2.7000916,-17756.142446552327,40.46984868297521,0.03499959607142955,0.8457360547758919,1100,oxford_Cell2
4000,619.5183548363003,3.745396382592838,2.7000115,-17756.248507602675,40.506973361405834,0.03488987369928509,0.84308977279618,1000,oxford_Cell2
4100,615.5350095355564,3.7457423562562564,2.6998913,-17756.528598297704,40.48787027360694,0.03466498805209994,0.8376689201961625,900,oxford_Cell2
4200,614.8821184840259,3.7453312916137653,2.6999724,-17756.756102267896,40.492834794520554,0.034627779736183584,0.8367804142076015,800,oxford_Cell2
4300,612.8973459219055,3.7446850448056304,2.7000124,-17756.106839914555,40.46622335321716,0.0345172657398507,0.8340793780956168,700,oxford_Cell2
4400,610.9128049558445,3.744542099798252,2.6999724,-17755.981645786243,40.45096029354405,0.03440574242267758,0.8313786571579407,600,oxford_Cell2
4500,607.28245491411,3.7454069855548036,2.7000926,-17756.33011811672,40.4685902297023,0.03420061303768307,0.8264381885374987,500,oxford_Cell2
4600,606.9661398070712,3.7443915983417937,2.699852,-17755.841858044434,40.4315713177665,0.03418373840395361,0.8260077218214709,400,oxford_Cell2
4800,603.2893260278694,3.744344910010214,2.6998186,-17755.770539850746,40.468160961865856,0.033976798760704696,0.8210040216574294,200,oxford_Cell2
5000,565.6961522931484,3.720027082788671,2.7001085,-17755.679776764482,40.49576631989833,0.031859724200330675,0.7698442455906362,0,oxford_Cell2
5100,577.9189479132826,3.723112667164179,2.699908,-17754.983699219934,40.490651550106605,0.03254938847385347,0.7864779964744758,0,oxford_Cell2
5200,575.4802012975294,3.726550581263383,2.7000628,-17755.17282478322,40.677804366167024,0.03241168719250709,0.783159156420534,0,oxford_Cell2
5300,580.878875800554,3.725174959618105,2.6999424,-17754.72614613963,40.6727544013437,0.032716573448851705,0.790506101389353,0,oxford_Cell2
5400,581.026022733551,3.725124242806645,2.7001429,-17754.471645197642,40.6631660661011,0.03272533044219017,0.790706350620614,0,oxford_Cell2
5500,575.9512937736342,3.7287732057417977,2.7000628,-17754.90969943337,40.72938213908702,0.03243870101869106,0.7838002564711534,0,oxford_Cell2
5600,578.8701634543729,3.726406030553584,2.7000227,-17754.711988204377,40.703107674237046,0.03260346257593483,0.7877724861181763,0,oxford_Cell2
5700,578.0391777470296,3.7261847305614784,2.6999824,-17754.540105163996,40.701196590262974,0.032556974329054356,0.7866416147796087,0,oxford_Cell2
5800,575.294154472195,3.725780064905391,2.6998622,-17754.72303937133,40.75148059478758,0.03240202972665429,0.7829059691267659,0,oxford_Cell2
5900,574.6726428197767,3.7257279005718367,2.7000227,-17754.585915198986,40.69348293781272,0.0323672752128914,0.7820601667163337,0,oxford_Cell2
6000,573.0003167713386,3.725514870322581,2.7001028,-17754.466690300047,40.68753851505377,0.0322733010398224,0.779784332631335,0,oxford_Cell2
6100,567.463746839281,3.7273301254071662,2.699995,-17755.176893341224,40.77465250850525,0.031960180145688355,0.772249728612505,0,oxford_Cell2
6200,570.4755641019322,3.725548339704824,2.7000754,-17754.594731896606,40.71492984665227,0.03213086584582925,0.7763484487098992,0,oxford_Cell2
6300,568.8010284364556,3.7254754990971475,2.7001555,-17754.424552205,40.67429842759119,0.032036856980994344,0.7740696076025702,0,oxford_Cell2
6400,562.7251821399774,3.7287573009489052,2.6998749,-17755.058020367193,40.791810111313865,0.031693508848547935,0.765801113483464,0,oxford_Cell2
6500,565.7941735212776,3.7254905110707806,2.699955,-17754.49614657404,40.73718843629764,0.03186737070791423,0.7699776406616741,0,oxford_Cell2
6600,563.8357095455017,3.7254131210200363,2.7002356,-17753.90167486627,40.73125694790528,0.03175812587141991,0.7673124073631341,0,oxford_Cell2
6700,561.4334759774204,3.729484167264082,2.7000074,-17754.925355320327,40.76478154206291,0.03162099269684404,0.7640432571639407,0,oxford_Cell2
6800,564.0030095218641,3.7274463357611074,2.7000475,-17754.157751730665,40.75002358739986,0.031767090782523155,0.7675400824561465,0,oxford_Cell2
6900,562.1277485994194,3.7267203293021556,2.6998072,-17753.76996235032,40.74851978662769,0.031662158435210586,0.764988078479678,0,oxford_Cell2
7000,556.2119202810296,3.732866242577548,2.6999273,-17754.321227961096,40.75696646602659,0.031327969511039555,0.7569373495320743,0,oxford_Cell2
7100,556.3346788557027,3.7274406150609076,2.7000074,-17752.468892740868,40.79921174529347,0.031338154687546194,0.757104409148665,0,oxford_Cell2
7200,556.887525681366,3.7253725194321534,2.7000475,-17754.192072583897,40.793339510693215,0.03136625327169895,0.7578567670102214,0,oxford_Cell2
7300,557.1166198494262,3.723404574050866,2.7002881,-17753.882435275016,40.76509362476963,0.03137970285024494,0.7581685365463312,0,oxford_Cell2
7400,501.4350458651225,3.6973829522932027,2.7000475,-17753.354770236485,40.74508760687961,0.028244238113984466,0.6823926290322353,0,oxford_Cell2
7500,562.233702061415,3.7174437858655955,2.6998472,-17753.38006289951,40.69749477538349,0.031668822397477925,0.7651322683644546,0,oxford_Cell2
7600,558.6320678634678,3.718104487095588,2.6999273,-17753.53741237401,40.722946510294115,0.031465672655031085,0.7602308785445442,0,oxford_Cell2
7700,544.914770679986,3.7090790116094987,2.7002881,-17754.291308391643,40.823267436486994,0.030691717169247568,0.7415632912559396,0,oxford_Cell2
0,735.119595112905,3.734807433444816,2.6998932,-17711.045410191717,40.31596408389075,0.041505983332172036,1.0,6300,oxford_Cell3
100,726.6872270437656,3.7355135601353253,2.6999333,-17707.070554758495,40.26657622215958,0.041039093281142414,0.9885292568376656,6200,oxford_Cell3
200,722.7328355075854,3.736126105102041,2.7000134,-17706.73045596818,40.26400230782313,0.04081655514892191,0.9831500075801718,6100,oxford_Cell3
300,720.2066836195169,3.736152810327169,2.6997411,-17709.542426260803,40.27578666372689,0.04066743003204465,0.9797136253848631,6000,oxford_Cell3
400,716.0503279000582,3.7370155810872676,2.6999819,-17707.19179286737,40.26339975822604,0.04043810104485601,0.9740596396292251,5900,oxford_Cell3
500,713.0840304729683,3.7372873486641773,2.7001824,-17704.88333719808,40.27004126457915,0.04027583356946707,0.9700245173895108,5800,oxford_Cell3
600,710.0583119725138,3.73735923054514,2.7002225,-17702.765664840837,40.25854406374387,0.04010973428376019,0.9659085633045299,5700,oxford_Cell3
700,708.5077117739089,3.7372740067246375,2.6999826,-17751.44631799868,40.27927709188407,0.03991238842718303,0.9637992463866932,5600,oxford_Cell3
800,705.5725275613336,3.7376619203725263,2.6999826,-17750.295634530838,40.28367688533178,0.03974961582571268,0.9598064481643516,5500,oxford_Cell3
900,703.2127351410794,3.7379814723422897,2.7001431,-17749.82997511481,40.29082589690421,0.03961771191097796,0.9565963685583363,5400,oxford_Cell3
1000,700.8922491815016,3.7380772909756814,2.6999426,-17749.09579752407,40.27883490184588,0.03948861255776137,0.9534397584298558,5300,oxford_Cell3
1100,698.6703028506131,3.7379785055833086,2.7002232,-17748.509681607455,40.32740492418454,0.03936472628265619,0.950417194012229,5200,oxford_Cell3
1200,696.3460284543626,3.738294638012386,2.7000227,-17748.005534738026,40.30574594367444,0.0392348850145936,0.9472554303866879,5100,oxford_Cell3
1300,693.9320435294495,3.7381101747041416,2.6999826,-17747.881862418573,40.306667409171595,0.03909914323594421,0.9439716314770121,5000,oxford_Cell3
1400,691.4782753365478,3.7382705975653208,2.7001431,-17747.577357279377,40.30483368171022,0.03896155476104468,0.9406337144779082,4900,oxford_Cell3
1600,686.4039761027119,3.7384833480705955,2.6999369,-17750.558426504933,40.34498209003889,0.03866913146339357,0.9337310291630697,4700,oxford_Cell3
1800,681.1264227231039,3.738727382182695,2.6998568,-17749.57042942861,40.33805293066024,0.03837396018207073,0.9265518525846009,4500,oxford_Cell3
1900,678.2317768750305,3.7389372781410843,2.7000468,-17749.879309828124,40.29613079140176,0.03821021248586476,0.9226141996267461,4400,oxford_Cell3
2000,675.4148558999498,3.739145391547583,2.699929,-17749.72331456405,40.26427745910611,0.038051846786402166,0.918782277591464,4300,oxford_Cell3
2100,673.3918106771276,3.738851358323171,2.7000494,-17748.392775387012,40.292492898170735,0.03794071753509343,0.9160302829007071,4200,oxford_Cell3
2200,669.9072324045648,3.7394899400367874,2.6999252,-17749.328584914118,40.312553312691605,0.03774239297490567,0.911290131371992,4100,oxford_Cell3
2300,667.9872304226006,3.739289259883184,2.7001257,-17748.255729709428,40.33140990408854,0.0376364957774058,0.9086783087587351,4000,oxford_Cell3
2400,665.1830232248433,3.739795796387774,2.7001688,-17749.239398335394,40.36236466069775,0.037476418539881706,0.9048636815655549,3900,oxford_Cell3
2500,663.1787555105219,3.739424524798762,2.6999283,-17748.024386108085,40.37135754458205,0.03736605623271316,0.9021372303491191,3800,oxford_Cell3
2600,659.6375677156237,3.7400269095890413,2.6998887,-17749.28009563298,40.39334534028642,0.037163899978622794,0.8973200715923125,3700,oxford_Cell3
2700,658.3707894367438,3.739306772747115,2.6998887,-17748.022058119954,40.36722713564079,0.03709516068920493,0.8955968441238823,3600,oxford_Cell3
2800,655.8547865798171,3.739577314182843,2.7001693,-17747.838087172644,40.37949090137759,0.036953780450858176,0.8921742678877798,3500,oxford_Cell3
2900,651.9694142612814,3.740392109795276,2.6997683,-17747.663488897473,40.35313556251968,0.03673521941527724,0.8868889070507597,3400,oxford_Cell3
3000,650.9774306129659,3.7398774671712394,2.7001293,-17747.79805880961,40.41199225890887,0.036679047741927207,0.885539489003805,3300,oxford_Cell3
3100,648.7293266569452,3.7396266809177217,2.7000492,-17747.543470841396,40.38622266962025,0.03655290370807052,0.8824813417703941,3200,oxford_Cell3
3200,645.0933332983059,3.740350338096754,2.7001293,-17747.875125236023,40.399918005728836,0.0363473491743207,0.8775352168366941,3100,oxford_Cell3
3500,638.1805844078301,3.741950546460746,2.7004573,-17747.9558716532,40.27404265122265,0.03595768939703703,0.8681316464021255,2800,oxford_Cell3
3600,637.7480160822042,3.741835094301352,2.6998959,-17746.552289686995,40.29670567868642,0.035936159780249,0.8675432138144192,2700,oxford_Cell3
3700,635.89805559061,3.7418026638682593,2.7002568,-17746.676203130068,40.35322723345173,0.03583166631869972,0.8650266702426075,2600,oxford_Cell3
3800,632.3420224158799,3.743051089253247,2.7000163,-17747.108632976557,40.37358948214286,0.035630418569780886,0.8601893169760496,2500,oxford_Cell3
3900,631.7149177351412,3.742296189242769,2.6998158,-17746.902552102296,40.367729336366594,0.03559549816418439,0.8593362521347534,2400,oxford_Cell3
4000,629.6603428366021,3.742026372872514,2.7000563,-17746.905181094342,40.39648158526247,0.035479722428135574,0.8565413669049242,2300,oxford_Cell3
4100,626.6624752776828,3.7424948130733946,2.6998158,-17747.226987605827,40.40083073623853,0.03531015699263662,0.8524632990927625,2200,oxford_Cell3
4200,625.6675662566968,3.7417583175254348,2.6999269,-17747.785435945767,40.40801436560552,0.035252987989224494,0.8511099015944503,2100,oxford_Cell3
4300,623.802889529931,3.74131114361422,2.6999669,-17746.601087243056,40.383267006254115,0.03515026951208711,0.8485733391913227,2000,oxford_Cell3
4400,621.8625686928474,3.7409246448662925,2.6998065,-17746.772596010785,40.387684841862004,0.03504059580154717,0.8459338763746832,1900,oxford_Cell3
4500,618.4472051369663,3.741844375763612,2.7001274,-17747.022197486418,40.383960332005316,0.034847654635086656,0.8412878792082541,1800,oxford_Cell3
4600,617.397062827596,3.741002852444297,2.6998465,-17746.47680757812,40.34800710143,0.03478955244645476,0.8398593466043734,1700,oxford_Cell3
4800,613.8286055479532,3.7407447326086958,2.7001338,-17746.199207538844,40.37296912408027,0.03458901366684586,0.8350050925437199,1500,oxford_Cell3
5000,608.9248500447693,3.740507135030344,2.7000859,-17747.06150319738,40.345318192852325,0.034311018185690045,0.8283344017666217,1300,oxford_Cell3
5100,607.559576722663,3.740007885033784,2.7001259,-17745.30026372512,40.33979412533784,0.03423748828936368,0.8264771892379628,1200,oxford_Cell3
5200,604.4512359157004,3.7429520402853265,2.6997695,-17746.06944643001,40.42232400543478,0.034060846897773445,0.8222488421395765,1100,oxford_Cell3
5300,604.3593651956008,3.7409936730978264,2.7000904,-17745.015664921895,40.438460672894024,0.03405769227538258,0.8221238682976189,1000,oxford_Cell3
5400,602.5054696849569,3.740819365144804,2.7002509,-17744.433190367617,40.44157803202726,0.0339543332811445,0.8196019718293861,900,oxford_Cell3
5500,599.4989362373487,3.742674870273973,2.6998899,-17745.762178018147,40.47529929280822,0.03378236759454012,0.8155121156106216,800,oxford_Cell3
5600,599.6266429328138,3.7403530804519,2.6998899,-17745.11594292208,40.47439202088326,0.033790794434025884,0.8156858379495635,700,oxford_Cell3
5700,597.9470266185133,3.740135687058016,2.7000103,-17744.598496925155,40.49862580707175,0.03369712538551539,0.8134010174584942,600,oxford_Cell3
5800,595.6181045337796,3.740568796139262,2.7000504,-17745.556009654192,40.49562586694244,0.03356406674720347,0.8102329314760005,500,oxford_Cell3
5900,594.1606611276211,3.740126041015895,2.7000904,-17744.83522410457,40.478892308915,0.03348329698201269,0.8082503378737518,400,oxford_Cell3
6000,592.2878485063985,3.74001086745234,2.7001305,-17744.286611162675,40.48718216048527,0.03337878792081028,0.8057027080272982,300,oxford_Cell3
6100,589.3378363478698,3.741417573772205,2.7003334,-17746.168849169542,40.62198653221874,0.03320901351980865,0.8016897390109089,200,oxford_Cell3
6200,588.8489304022828,3.7397453299058907,2.7000127,-17744.99690036261,40.6140552533984,0.033183653955347836,0.8010246690701301,100,oxford_Cell3
6300,587.1626914231025,3.7397651780419583,2.6998119,-17744.551499897556,40.592741058041966,0.03308945964090526,0.7987308396165412,0,oxford_Cell3
6400,584.8877045881585,3.7419580398385404,2.7000127,-17745.547007865338,40.64356663882064,0.03295940242242068,0.7956361229880251,0,oxford_Cell3
6500,584.6155005204129,3.7396325827247194,2.7001729,-17744.552682073045,40.65792792169944,0.03294590883888304,0.7952658375684073,0,oxford_Cell3
6600,582.9967982685885,3.7393798363732396,2.7000127,-17744.20392745696,40.6527247471831,0.03285533259622753,0.793063879869843,0,oxford_Cell3
6700,582.4711285638903,3.7441264661261893,2.7002597,-17745.691598983805,40.62312159217483,0.03282295563258231,0.7923487993466289,0,oxford_Cell3
6800,582.6697890370449,3.740251599436421,2.699939,-17744.114346181414,40.656486927791484,0.032837068662047386,0.7926190417323241,0,oxford_Cell3
6900,581.1245224090237,3.739895459307665,2.6998987,-17743.58133824014,40.67082201660191,0.03275096707511693,0.79051698019255,0,oxford_Cell3
7000,578.701182313585,3.7430351820503724,2.6999791,-17744.444294489327,40.62316145051437,0.03261280513834208,0.7872204552304226,0,oxford_Cell3
7100,580.2683002516004,3.739330653342766,2.6998587,-17743.690160965656,40.64943311531659,0.03270251117646694,0.7893522416069981,0,oxford_Cell3
7200,577.6091745887383,3.738228256645345,2.6997385,-17744.12426050219,40.687881573560766,0.03255185147281736,0.7857349721442602,0,oxford_Cell3
7300,575.9966217167189,3.7378197555238772,2.7000191,-17743.115578794273,40.673564037776195,0.03246281936299056,0.7835413795877025,0,oxford_Cell3
7400,574.0759611343926,3.7386637516624956,2.699939,-17744.225795777937,40.697945626742936,0.03235254588071257,0.7809286610653086,0,oxford_Cell3
7500,573.0825077442627,3.7372811741762177,2.699939,-17743.716388020017,40.68167042979943,0.03229748597368598,0.7795772436949453,0,oxford_Cell3
7600,571.5622067833184,3.736817873070018,2.6998587,-17743.36213288142,40.68779541364453,0.03221244702581316,0.7775091435231484,0,oxford_Cell3
7700,569.8652392499695,3.7382893319164268,2.7001395,-17744.736214727618,40.63457387391931,0.03211432136595249,0.7752007197719242,0,oxford_Cell3
7800,569.3134736610447,3.736055961067051,2.699939,-17743.924373863447,40.63903697368421,0.03208469459787011,0.7744501404204922,0,oxford_Cell3
7900,567.8694270267266,3.7356301926996744,2.7001395,-17743.291537696176,40.63370837694254,0.03200445417314768,0.7724857707534093,0,oxford_Cell3
8000,566.4618704545966,3.738043379311594,2.7001395,-17744.42739600589,40.67040378115942,0.03192308056168258,0.7705710393525766,0,oxford_Cell3
8100,565.8573030034044,3.735173707508161,2.7000992,-17743.36730333552,40.613478077257895,0.031890914775431156,0.7697486324201382,0,oxford_Cell3
0,734.0756158938327,3.7346274083916082,2.7001176,-17747.678521351503,40.808299768111894,0.04136149259284139,1.0,4800,oxford_Cell4
100,725.6895677627597,3.736600116581777,2.6997566,-17747.46415319395,40.76449657102433,0.04088947316631675,0.9885760431902346,4700,oxford_Cell4
200,720.520947044064,3.7375159082051277,2.6999974,-17744.75651225953,40.75673721082621,0.04060443502385169,0.9815350509453115,4600,oxford_Cell4
300,716.8993845363364,3.7382275715554285,2.699924,-17749.443359762034,40.75537181094242,0.040389675414189696,0.9766015503231474,4500,oxford_Cell4
400,711.6089577103882,3.739249837334103,2.7000041,-17747.992351821118,40.74491103144836,0.04009488853625953,0.9693946267972837,4400,oxford_Cell4
500,707.5381360146926,3.740044155194428,2.7001245,-17745.383961827807,40.74976974521184,0.039871385088190436,0.9638491194850175,4300,oxford_Cell4
600,703.3674972372165,3.7403159329246938,2.699964,-17747.887477081593,40.73923267717455,0.03963076742365956,0.9581676356062787,4200,oxford_Cell4
700,701.7227474914652,3.740575061299766,2.6998613,-17757.824140621575,40.76601409045667,0.039515971671789885,0.9559270629593468,4100,oxford_Cell4
800,698.0057685756904,3.741149203472631,2.6999013,-17758.192128697025,40.766658800765164,0.039305843180045485,0.9508635806214287,4000,oxford_Cell4
900,694.5155634312847,3.741600311091393,2.7000217,-17757.779771340058,40.76537302868974,0.03911021025851369,0.9461090225502471,3900,oxford_Cell4
1000,690.9174915491741,3.742033830449004,2.6997809,-17757.798821691926,40.74578408355635,0.03890754852909595,0.9412075222085834,3800,oxford_Cell4
1100,687.1888481767409,3.7423680812257105,2.6999414,-17756.44738197214,40.79559279730942,0.03870052204001695,0.9361281498773105,3700,oxford_Cell4
1200,682.9508147644314,3.742558719007519,2.7000217,-17756.34571735551,40.76273044150375,0.03846206655725837,0.9303548571530329,3600,oxford_Cell4
1300,678.9738121475967,3.742936831921331,2.6999815,-17755.56317243309,40.78528873948564,0.03823977545835078,0.9249371555828859,3500,oxford_Cell4
1400,674.7946724375373,3.743126520974125,2.6999013,-17755.739461253244,40.78455116864536,0.038004026864655316,0.9192440912451326,3400,oxford_Cell4
1600,667.088694869066,3.743960427286726,2.7000716,-17756.400533990232,40.8226488013551,0.03756862913724035,0.908746565647462,3200,oxford_Cell4
1800,659.50607827045,3.7446074237383176,2.6999111,-17757.261064526087,40.80981868037383,0.037139793508686125,0.8984170894539459,3000,oxford_Cell4
1900,655.8003460359124,3.745126692575188,2.6999848,-17756.756570356967,40.76888158489975,0.036932154558598995,0.8933689279916893,2900,oxford_Cell4
2000,651.8358917402749,3.7454377355184367,2.7001908,-17757.950968597946,40.73904850204853,0.03670642094220966,0.8879683204659777,2800,oxford_Cell4
2100,649.1322951773172,3.745805510886076,2.6999502,-17756.72516596328,40.78882727373418,0.03655669605359435,0.8842853258201665,2700,oxford_Cell4
2200,644.827599194441,3.7462496066263142,2.6998622,-17756.53074223224,40.768913442179034,0.03631466859951615,0.8784212215103744,2600,oxford_Cell4
2300,642.7345700249701,3.746343280920422,2.6999424,-17756.24215406979,40.80533474017258,0.0361973816761747,0.8755699768645183,2500,oxford_Cell4
2400,639.779528362064,3.746515126131621,2.6999524,-17755.49984884687,40.8092683929374,0.036032467149198055,0.8715444492500258,2400,oxford_Cell4
2500,637.9124570016852,3.746567551416613,2.7000327,-17755.094029000036,40.83415367321313,0.03592813201248646,0.8690010173201893,2300,oxford_Cell4
2600,632.8442960173883,3.7471321034728984,2.699872,-17754.462351236183,40.83398803148329,0.03564395324792713,0.8620968771000762,2200,oxford_Cell4
2700,631.3567584678583,3.7470364954782043,2.699872,-17755.24245070099,40.82896646551725,0.035558604751713574,0.8600704679436861,2100,oxford_Cell4
2800,629.2342766774427,3.746920876697128,2.7000325,-17754.86312646621,40.83807987956919,0.035439835861325264,0.8571791012445877,2000,oxford_Cell4
2900,624.4071835805257,3.747674303388158,2.6999521,-17756.25517969787,40.79509505953948,0.035165191744454205,0.8506033575576933,1900,oxford_Cell4
3000,624.0241576349928,3.748234877221856,2.699832,-17753.28526530742,40.86042595128374,0.03514949872624129,0.8500815775976458,1800,oxford_Cell4
3100,621.0406372433505,3.747897035284392,2.6999121,-17754.285330637624,40.83596609986773,0.034979473100975156,0.8460172546218588,1700,oxford_Cell4
3200,617.4298009076539,3.748361182967398,2.7000325,-17755.03553147302,40.822650498003995,0.03477462683804333,0.8410983658077957,1600,oxford_Cell4
3300,616.6100994219123,3.7481513866755494,2.6999924,-17754.738987498855,40.822959166888744,0.034729038598015904,0.8399817213259552,1500,oxford_Cell4
3500,610.0098423460355,3.7505274994949493,2.700037,-17755.303628097896,40.71217028215489,0.03435620095115155,0.8309904717421638,1300,oxford_Cell4
3600,609.0845318177422,3.7509272766947728,2.700037,-17755.304904063338,40.74364912748735,0.03430408309213817,0.8297299605519555,1200,oxford_Cell4
3700,606.8422394722121,3.7510845675126903,2.6999969,-17755.02152690801,41.090872281556685,0.034178344649262726,0.8266753810277468,1100,oxford_Cell4
3800,602.1429400557658,3.7520412732605726,2.7000773,-17755.205840732087,40.79317387892224,0.0339133144589141,0.8202737252382077,1000,oxford_Cell4
3900,602.2590640433417,3.751851739563438,2.6999969,-17754.651607014766,40.79810351159618,0.033920912304893136,0.820431916009106,900,oxford_Cell4
4000,600.8081319033984,3.751451802085471,2.700037,-17753.655208169523,40.8361506574359,0.03384109050966799,0.8184553728458017,800,oxford_Cell4
4100,596.5517044461636,3.752189513774104,2.7001975,-17754.670241784355,40.81331644662535,0.03359942079987377,0.812657022696203,700,oxford_Cell4
4200,595.6564765764431,3.751330100965517,2.69997,-17753.52936563242,40.8185035362069,0.03355115465819836,0.8114374918327095,600,oxford_Cell4
4300,593.6652687461142,3.75098004083045,2.6998897,-17754.407775204836,40.81258422145329,0.03343734110239893,0.8087249540679121,500,oxford_Cell4
4400,591.9132492154948,3.7504306407702988,2.7000501,-17754.35556430441,40.811266697779324,0.03333875781390816,0.8063382523539667,400,oxford_Cell4
4500,588.273065831058,3.7513666478701113,2.700331,-17755.098550816878,40.79246362814246,0.03313234215602279,0.801379385303187,300,oxford_Cell4
4600,587.8162290155369,3.750453828127184,2.7001705,-17754.68809962199,40.7785357501747,0.03310737619176507,0.8007570559332556,200,oxford_Cell4
4800,584.5267630762735,3.750248307484189,2.7001913,-17753.97066768371,40.80622581482783,0.032923433813266456,0.796275956346181,0,oxford_Cell4
5000,582.3379080207892,3.748040742433863,2.6999323,-17754.201655009416,40.75508688148148,0.03279971960000694,0.7932941721701475,0,oxford_Cell4
5100,581.233771613044,3.747003211342756,2.7001328,-17753.0783345706,40.75877631024735,0.032739601214416325,0.7917900540877062,0,oxford_Cell4
0,735.336070718255,3.7361050458344947,2.69981,-17707.768631780727,41.464176509334074,0.04152589535806328,1.0,5000,oxford_Cell5
100,726.3272216149664,3.736630215454033,2.7000906,-17704.851833724566,41.47554590919346,0.04102390352636576,0.9877486642339074,4900,oxford_Cell5
200,721.6143905718282,3.7374258164348566,2.7000103,-17704.198149845994,41.46198125489639,0.04075922188349068,0.9813395796931003,4800,oxford_Cell5
300,718.1408943344795,3.737620761551626,2.6998551,-17706.315177846234,41.506662947233316,0.040558170760050416,0.9766158943257337,4700,oxford_Cell5
400,713.4979226988899,3.7386086422049956,2.7000554,-17706.209890909722,41.46929377461959,0.04029619391076267,0.9703018131586633,4600,oxford_Cell5
500,709.9294524799296,3.7388984293710323,2.699775,-17704.803129780168,41.459244430178884,0.0400978431571275,0.9654489705455237,4500,oxford_Cell5
600,706.7197517896662,3.7391255747609384,2.7001357,-17702.209034734835,41.483560364242244,0.0399224036373198,0.961084026653776,4400,oxford_Cell5
700,704.4068227739054,3.7393801846938772,2.7000077,-17748.744784611572,41.484874183090376,0.039687411626800895,0.9579386226570679,4300,oxford_Cell5
800,701.0295867753294,3.739729347773872,2.7000477,-17748.387909610847,41.468529284710016,0.03949792624916881,0.9533458437454102,4200,oxford_Cell5
900,698.2500120464782,3.7397777769479568,2.6998074,-17747.96629426882,41.462780031755365,0.03934225160628557,0.949565837786861,4100,oxford_Cell5
1000,695.5576916850586,3.7399765589728453,2.7000477,-17747.454057910774,41.46330474793389,0.03919168468564749,0.9459044909977801,4000,oxford_Cell5
1100,692.5531943570523,3.7403321698784464,2.7000477,-17747.350041017642,41.474246466053955,0.03902262181509286,0.9418186077565683,3900,oxford_Cell5
1200,689.7775882497999,3.7403275745535716,2.6998074,-17746.87380191168,41.46266336934524,0.038867268711328506,0.9380439988154602,3800,oxford_Cell5
1300,687.1135597869533,3.7404329675231547,2.7000878,-17746.704630044016,41.483835166417684,0.03871752682607621,0.9344211268132143,3700,oxford_Cell5
1400,684.5275284553019,3.7406997516496703,2.6998875,-17746.45841482429,41.49245300959808,0.03857234166935086,0.9309043248574427,3600,oxford_Cell5
1600,678.643903735009,3.7409326558850227,2.700145,-17748.32892563831,41.49898620302572,0.038236772757954895,0.9229030517598971,3400,oxford_Cell5
1800,672.7264228388298,3.741182440567765,2.7000649,-17748.08580287538,41.519766344627584,0.03790388151537627,0.9148557368901135,3200,oxford_Cell5
1900,669.6039858041315,3.7414659981907388,2.7002008,-17747.62728095426,41.521360576510276,0.03772892546840012,0.9106094647989752,3100,oxford_Cell5
2000,666.5615613009338,3.741414592608562,2.7001791,-17747.073237279328,41.5604811395134,0.03755867306608707,0.9064720035423474,3000,oxford_Cell5
2100,664.112144055915,3.741434663771252,2.7000189,-17746.829708092264,41.50290787604328,0.037421167246066034,0.9031409861442394,2900,oxford_Cell5
2200,661.1156252944539,3.7418099059627328,2.7001321,-17747.097258432183,41.54775772391304,0.03725175652652979,0.8990659531344564,2800,oxford_Cell5
2300,659.0852626643066,3.7416867358878507,2.7000518,-17746.9672096582,41.51732530965732,0.03713762364350259,0.8963048174972992,2700,oxford_Cell5
2400,655.624570723609,3.7420200891951145,2.6998596,-17747.12702287795,41.53769754588161,0.036942288861609995,0.8915985449798675,2600,oxford_Cell5
2500,653.572031102383,3.7418543738925543,2.6998596,-17747.06289565133,41.49254491768772,0.03682676749303937,0.8888072503555997,2500,oxford_Cell5
2600,650.1803326333551,3.7421010919166404,2.6998799,-17747.524478504376,41.50244737132933,0.03663470095489174,0.8841948036062991,2400,oxford_Cell5
2700,648.6554560316094,3.742024382146249,2.7,-17746.96647711922,41.491756432415315,0.03654992987867445,0.8821210897461097,2300,oxford_Cell5
2800,646.3729055045605,3.7419264810038118,2.7001202,-17746.849086470105,41.50030041264295,0.03642155439592898,0.8790169981369229,2200,oxford_Cell5
2900,643.0682540069614,3.7426246183588763,2.6999199,-17746.561773752892,41.585644204661556,0.03623593016527593,0.8745229285146191,2100,oxford_Cell5
3000,642.1361759560308,3.7419390665920713,2.69996,-17747.20747992583,41.467955351662404,0.03618209238629788,0.8732553746871288,2000,oxford_Cell5
3100,639.8080244546916,3.7419644779204106,2.6998398,-17746.70801487729,41.51713121181001,0.03605192294344306,0.8700892692911768,1900,oxford_Cell5
3200,636.6188012020026,3.742262110577233,2.7000401,-17746.742319252113,41.5620035214447,0.035872145323082805,0.8657521731256456,1800,oxford_Cell5
3300,635.56538229874,3.7417947207687337,2.7001603,-17746.15072997592,41.546019707364344,0.03581398166716099,0.8643196051540599,1700,oxford_Cell5
3500,629.1525594045581,3.7443558510929855,2.7002003,-17745.933356956495,41.60689764437195,0.035453050513751805,0.8555986636015559,1500,oxford_Cell5
3600,628.5798251580507,3.744379572501633,2.6998799,-17745.343581013087,41.555960403331156,0.03542195446789265,0.8548197894658861,1400,oxford_Cell5
3700,626.4541623919168,3.74420325491481,2.7000401,-17745.543024193757,41.55721793741809,0.03530176903586835,0.8519290530383129,1300,oxford_Cell5
3800,622.7429618448283,3.7457782360039564,2.7001603,-17746.040314985785,41.57832823442136,0.035091652418486774,0.8468821082536465,1200,oxford_Cell5
3900,622.2255140708279,3.7449103127020784,2.7,-17745.74421831546,41.54880060145166,0.03506307979114354,0.8461784194307999,1100,oxford_Cell5
4000,620.054371370107,3.7447671485761584,2.7001202,-17746.078032913734,41.55448313741722,0.03494007501285523,0.8432258338210661,1000,oxford_Cell5
4100,616.9927457990417,3.745129098302829,2.7000401,-17746.193936435357,41.590479535440934,0.03476732363924384,0.8390622606019872,900,oxford_Cell5
4200,616.0030105030721,3.744075120726424,2.6997745,-17745.980158442657,41.58328758480506,0.034711969434283674,0.8377162973949832,800,oxford_Cell5
4300,614.4130100238918,3.743602671934514,2.7000549,-17745.347196460476,41.57191676511861,0.03462360810954124,0.8355540201145729,700,oxford_Cell5
4400,612.4443360817295,3.743490080221253,2.6999748,-17745.470633989888,41.57069861448206,0.03451242740266025,0.8328767763065282,600,oxford_Cell5
4500,609.5275837131619,3.744071793230044,2.7000949,-17745.60505758676,41.61670482182553,0.03434780053794384,0.8289102194018485,500,oxford_Cell5
4600,608.9826949116347,3.742916880687563,2.6999748,-17745.038005200575,41.57639929086619,0.034318191930651665,0.8281692129107688,400,oxford_Cell5
4800,605.3543107357652,3.742726255612072,2.7000518,-17744.964122917874,41.57856840827399,0.03411386115476489,0.8232348919650748,200,oxford_Cell5
5000,456.1288635874498,3.6647352543204317,2.699975,-17744.52807108362,41.81158598289829,0.025705039035528898,0.620299862540289,0,oxford_Cell5
